time,lat,lon,elevation,accuracy,bearing,speed,satellites,provider,hdop,vdop,pdop,geoidheight,ageofdgpsdata,dgpsid,activity,battery,annotation,timestamp_ms,time_offset,distance,starttimestamp_ms,profile_name,battery_charging
2026-09-22T04:00:15.321Z,12.813006,80.2289118,-75.4000015258789,24.998,,,0,network,,,,,,,,70,,1790049615321,2026-09-22T09:30:15.321+05:30,0.0,1790049622256,Default Profile,false
2026-09-22T04:00:29.305Z,12.814170252531767,80.2291067596525,-94.0,21.0,16.2,9.63,14,gps,0.8,1.4,1.6,-89.5,,,,70,,1790049629305,2026-09-22T09:30:29.305+05:30,131.17343134380474,1790049622256,Default Profile,false
2026-09-22T04:00:36.275Z,12.814819137565792,80.22916107438505,-78.0,6.5,8.6,9.69,27,gps,0.4,0.8,0.8,-89.5,,,,70,,1790049636275,2026-09-22T09:30:36.275+05:30,203.5660899551695,1790049622256,Default Profile,false
2026-09-22T04:00:43.214Z,12.815453731454909,80.22926677018404,-75.0,6.5,5.6,10.559999,29,gps,0.4,0.6,0.8,-89.6,,,,70,,1790049643214,2026-09-22T09:30:43.214+05:30,275.0542574957337,1790049622256,Default Profile,false
2026-09-22T04:00:50.058Z,12.816116907633841,80.22937489673495,-78.0,7.0,8.1,10.92,25,gps,0.4,0.8,1.0,-89.5,,,,70,,1790049650058,2026-09-22T09:30:50.058+05:30,349.72218870675823,1790049622256,Default Profile,false
2026-09-22T04:00:57.030Z,12.816853090189397,80.22948511876166,-82.0,6.5,13.6,11.42,26,gps,0.4,0.8,1.0,-89.5,,,,70,,1790049657030,2026-09-22T09:30:57.030+05:30,432.4497065481945,1790049622256,Default Profile,false
2026-09-22T04:01:03.901Z,12.817484918050468,80.22968863137066,-79.0,7.0,19.7,10.599999,27,gps,0.4,0.8,0.8,-89.5,,,,70,,1790049663901,2026-09-22T09:31:03.901+05:30,506.0894265108283,1790049622256,Default Profile,false
2026-09-22T04:01:09.792Z,12.81799462158233,80.22992793470621,-78.0,6.0,26.0,10.83,31,gps,0.4,0.8,0.8,-89.5,,,,70,,1790049669792,2026-09-22T09:31:09.792+05:30,568.4226163955686,1790049622256,Default Profile,false
2026-09-22T04:01:16.753Z,12.818673178553581,80.23020445369184,-79.0,7.0,18.1,11.0199995,27,gps,0.4,0.6,0.8,-89.5,,,,70,,1790049676753,2026-09-22T09:31:16.753+05:30,649.6130870878899,1790049622256,Default Profile,false
2026-09-22T04:01:22.666Z,12.8185186,80.2307195,-69.5,39.6,,,0,network,,,,,,,,70,,1790049682666,2026-09-22T09:31:22.666+05:30,708.0417018438054,1790049622256,Default Profile,false
2026-09-22T04:01:30.375Z,12.820086786523461,80.23039824329317,-74.0,7.0,358.0,11.37,24,gps,0.4,1.0,1.0,-89.5,,,,70,,1790049690375,2026-09-22T09:31:30.375+05:30,885.8609238585191,1790049622256,Default Profile,false
2026-09-22T04:01:37.311Z,12.820783364586532,80.2303912024945,-73.0,8.0,358.4,10.8,22,gps,0.6,1.0,1.2,-89.5,,,,70,,1790049697311,2026-09-22T09:31:37.311+05:30,963.3206322372914,1790049622256,Default Profile,false
2026-09-22T04:01:43.000Z,12.821320141665637,80.23040972650051,-70.0,5.5,4.9,10.54,27,gps,0.4,0.8,0.8,-89.5,,,,70,,1790049703000,2026-09-22T09:31:43.000+05:30,1023.0413015744849,1790049622256,Default Profile,false
2026-09-22T04:01:48.189Z,12.8218528,80.2303922,-78.30000305175781,20.768,,,0,network,,,,,,,,70,,1790049708189,2026-09-22T09:31:48.189+05:30,1082.3006816292184,1790049622256,Default Profile,false
2026-09-22T04:01:56.415Z,12.822337159886956,80.23054752498865,-80.0,6.5,8.2,2.8,31,gps,0.4,0.6,0.8,-89.5,,,,70,,1790049716415,2026-09-22T09:31:56.415+05:30,1138.7305613260537,1790049622256,Default Profile,false
2026-09-22T04:02:03.378Z,12.822340596467257,80.2305550687015,-80.0,6.0,0.0,0.12,29,gps,0.4,0.8,0.8,-89.5,,,,70,,1790049723378,2026-09-22T09:32:03.378+05:30,1139.6333302979033,1790049622256,Default Profile,false
2026-09-22T04:02:10.299Z,12.822336489334702,80.23055733181536,-75.0,6.0,153.6,0.55,30,gps,0.4,0.6,0.8,-89.5,,,,70,,1790049730299,2026-09-22T09:32:10.299+05:30,1140.1517654459774,1790049622256,Default Profile,false
2026-09-22T04:02:17.151Z,12.822354342788458,80.23057560436428,-83.0,6.5,22.6,1.27,28,gps,0.4,0.6,0.8,-89.5,,,,70,,1790049737151,2026-09-22T09:32:17.151+05:30,1142.9564073973172,1790049622256,Default Profile,false
2026-09-22T04:02:23.948Z,12.8225481742993,80.23065397515893,-80.0,9.0,28.4,4.9,20,gps,0.6,0.8,1.0,-89.5,,,,70,,1790049743948,2026-09-22T09:32:23.948+05:30,1166.1239774720623,1790049622256,Default Profile,false
2026-09-22T04:02:30.852Z,12.822618205100298,80.23064450360835,-76.0,7.5,11.7,5.2599998,24,gps,0.4,0.8,1.0,-89.5,,,,70,,1790049750852,2026-09-22T09:32:30.852+05:30,1173.978468447304,1790049622256,Default Profile,false
2026-09-22T04:02:37.706Z,12.823303802870214,80.23079571314156,-67.0,13.0,13.8,7.8199997,22,gps,0.6,0.8,1.0,-89.5,,,,70,,1790049757706,2026-09-22T09:32:37.706+05:30,1251.95635532035,1790049622256,Default Profile,false
2026-09-22T04:02:43.979Z,12.823839993216097,80.23108958266675,-59.0,7.0,12.5,9.2,28,gps,0.4,0.6,0.8,-89.5,,,,70,,1790049763979,2026-09-22T09:32:43.979+05:30,1319.5574921032526,1790049622256,Default Profile,false
2026-09-22T04:02:45.512Z,12.8240115,80.2308364,-77.4000015258789,13.493,,,0,network,,,,,,,,69,,1790049765512,2026-09-22T09:32:45.512+05:30,1352.9822735515788,1790049622256,Default Profile,false
2026-09-22T04:02:57.532Z,12.82457965426147,80.23118530400097,-80.0,6.0,0.0,0.089999996,32,gps,0.4,0.6,0.8,-89.5,,,,69,,1790049777532,2026-09-22T09:32:57.532+05:30,1426.6178160478717,1790049622256,Default Profile,false
2026-09-22T04:03:04.432Z,12.824614732526243,80.23122411221266,-81.0,7.0,5.5,2.21,28,gps,0.4,0.8,0.8,-89.5,,,,69,,1790049784432,2026-09-22T09:33:04.432+05:30,1432.3552570746556,1790049622256,Default Profile,false
2026-09-22T04:03:11.281Z,12.824848922900856,80.23126266896725,-79.0,6.5,6.6,5.47,28,gps,0.4,0.6,0.8,-89.5,,,,69,,1790049791281,2026-09-22T09:33:11.281+05:30,1458.7294439531506,1790049622256,Default Profile,false
2026-09-22T04:03:18.080Z,12.825257247313857,80.23129284381866,-80.0,6.5,358.9,7.7,26,gps,0.4,0.8,0.8,-89.5,,,,69,,1790049798080,2026-09-22T09:33:18.080+05:30,1504.2507624789098,1790049622256,Default Profile,false
2026-09-22T04:03:24.934Z,12.825755258090794,80.23128530010581,-82.0,6.5,359.5,8.29,29,gps,0.4,0.6,0.8,-89.5,,,,69,,1790049804934,2026-09-22T09:33:24.934+05:30,1559.6330740139242,1790049622256,Default Profile,false
2026-09-22T04:03:31.820Z,12.826302470639348,80.23125353269279,-82.0,7.5,354.8,9.0,23,gps,0.6,0.8,1.0,-89.5,,,,69,,1790049811820,2026-09-22T09:33:31.820+05:30,1620.5777351697775,1790049622256,Default Profile,false
2026-09-22T04:03:38.684Z,12.826913888566196,80.23114725016057,-86.0,7.0,348.0,9.59,23,gps,0.4,0.8,1.0,-89.5,,,,69,,1790049818684,2026-09-22T09:33:38.684+05:30,1689.5339347040322,1790049622256,Default Profile,false
2026-09-22T04:03:45.640Z,12.827513865195215,80.23093770258129,-77.0,7.0,334.7,10.65,24,gps,0.4,0.8,1.0,-89.5,,,,69,,1790049825640,2026-09-22T09:33:45.640+05:30,1760.0106306859504,1790049622256,Default Profile,false
2026-09-22T04:03:52.579Z,12.828150931745768,80.2306396421045,-84.0,6.5,334.5,10.84,25,gps,0.4,1.0,1.0,-89.5,,,,69,,1790049832579,2026-09-22T09:33:52.579+05:30,1837.8720600596891,1790049622256,Default Profile,false
2026-09-22T04:03:59.477Z,12.828736072406173,80.23033244535327,-76.0,7.0,336.1,10.99,28,gps,0.4,0.8,1.0,-89.5,,,,69,,1790049839477,2026-09-22T09:33:59.477+05:30,1910.9658865813753,1790049622256,Default Profile,false
2026-09-22T04:04:06.388Z,12.829386172816157,80.23000848479569,-83.0,7.0,335.3,11.65,26,gps,0.4,0.8,1.0,-89.5,,,,69,,1790049846388,2026-09-22T09:34:06.388+05:30,1991.3350227755716,1790049622256,Default Profile,false
2026-09-22T04:04:13.259Z,12.830062927678227,80.22974328137934,-86.0,8.5,338.4,11.67,22,gps,0.4,1.2,1.2,-89.5,,,,69,,1790049853259,2026-09-22T09:34:13.259+05:30,2071.892812814329,1790049622256,Default Profile,false
2026-09-22T04:04:20.143Z,12.830723002552986,80.22945309989154,-87.0,7.0,339.0,9.849999,25,gps,0.4,1.0,1.0,-89.5,,,,69,,1790049860143,2026-09-22T09:34:20.143+05:30,2151.748400190237,1790049622256,Default Profile,false
2026-09-22T04:04:26.988Z,12.831110497936606,80.22930700331926,-67.0,9.0,338.7,5.93,11,gps,0.6,1.6,1.8,-89.5,,,,69,,1790049866988,2026-09-22T09:34:26.988+05:30,2197.6551075086327,1790049622256,Default Profile,false
2026-09-22T04:04:33.766Z,12.831386723555624,80.22919099777937,-63.0,7.0,343.5,2.52,25,gps,0.4,0.8,1.0,-89.5,,,,69,,1790049873766,2026-09-22T09:34:33.766+05:30,2230.845287968558,1790049622256,Default Profile,false
2026-09-22T04:04:40.644Z,12.831217744387686,80.22926123812795,-69.0,6.5,207.2,0.29,32,gps,0.4,0.6,0.8,-89.5,,,,69,,1790049880644,2026-09-22T09:34:40.644+05:30,2251.119491306079,1790049622256,Default Profile,false
2026-09-22T04:04:47.751Z,12.83149795141071,80.22912352345884,-70.0,6.0,0.0,0.049999997,30,gps,0.4,0.6,0.8,-89.5,,,,69,,1790049887751,2026-09-22T09:34:47.751+05:30,2285.669801437144,1790049622256,Default Profile,false
2026-09-22T04:04:54.601Z,12.83150402829051,80.2291184104979,-84.0,6.0,39.0,0.37,28,gps,0.4,,,-89.5,,,,69,,1790049894601,2026-09-22T09:34:54.601+05:30,2286.5438066814,1790049622256,Default Profile,false
2026-09-22T04:05:01.452Z,12.831523180939257,80.22911472246051,-76.0,6.0,329.5,0.76,30,gps,0.4,0.8,0.8,-89.5,,,,69,,1790049901452,2026-09-22T09:35:01.452+05:30,2288.710695170404,1790049622256,Default Profile,false
2026-09-22T04:05:08.404Z,12.831597863696516,80.22906258702278,-73.0,6.0,330.7,1.14,31,gps,0.4,0.6,0.8,-89.5,,,,69,,1790049908404,2026-09-22T09:35:08.404+05:30,2298.756192624249,1790049622256,Default Profile,false
2026-09-22T04:05:15.262Z,12.831590780988336,80.22896426729858,-78.0,6.5,297.6,1.0699999,29,gps,0.4,0.8,0.8,-89.5,,,,69,,1790049915262,2026-09-22T09:35:15.262+05:30,2309.4448803177497,1790049622256,Default Profile,false
2026-09-22T04:05:22.193Z,12.831563330255449,80.22887617349625,-76.0,6.5,286.4,0.71999997,28,gps,0.4,0.8,0.8,-89.5,,,,68,,1790049922193,2026-09-22T09:35:22.193+05:30,2319.471737776531,1790049622256,Default Profile,false
2026-09-22T04:05:29.652Z,12.831530682742596,80.22882512770593,-74.0,6.5,286.2,0.75,29,gps,0.4,0.8,0.8,-89.5,,,,68,,1790049929652,2026-09-22T09:35:29.652+05:30,2326.090420019669,1790049622256,Default Profile,false
2026-09-22T04:15:27.970Z,12.831299803219736,80.22856377996504,-74.0,9.0,304.8,1.35,15,gps,0.6,1.2,1.4,-89.5,,,,66,,1790050527970,2026-09-22T09:45:27.970+05:30,0.0,1790050524232,Default Profile,false
2026-09-22T04:15:38.003Z,12.831163513474166,80.22709141485393,-90.0,8.5,273.6,3.24,12,gps,0.6,1.8,2.0,-89.5,,,,66,,1790050538003,2026-09-22T09:45:38.003+05:30,160.34894928080615,1790050524232,Default Profile,false
2026-09-22T04:15:49.033Z,12.830471294000745,80.22688488475978,-202.0,15.5,264.8,8.639999,6,gps,1.2,3.2,3.4,-89.5,,,,66,,1790050549033,2026-09-22T09:45:49.033+05:30,240.51107580970006,1790050524232,Default Profile,false
2026-09-22T04:15:58.023Z,12.831049310043454,80.22562114521861,-60.0,10.0,268.4,8.7,12,gps,0.8,1.4,1.6,-89.5,,,,66,,1790050558023,2026-09-22T09:45:58.023+05:30,391.8498102926634,1790050524232,Default Profile,false
2026-09-22T04:16:08.000Z,12.83097458537668,80.22498646751046,-79.0,9.5,269.4,7.17,11,gps,0.8,1.4,1.6,-89.5,,,,66,,1790050568000,2026-09-22T09:46:08.000+05:30,461.1603429635019,1790050524232,Default Profile,false
2026-09-22T04:16:18.998Z,12.830983344465494,80.22443057969213,-69.0,7.0,267.6,3.81,13,gps,0.6,1.4,1.6,-89.5,,,,66,,1790050578998,2026-09-22T09:46:18.998+05:30,521.4366386234434,1790050524232,Default Profile,false
2026-09-22T04:16:25.909Z,12.831071438267827,80.2242177631706,-74.0,10.5,282.4,2.6,16,gps,0.6,1.2,1.4,-89.5,,,,66,,1790050585909,2026-09-22T09:46:25.909+05:30,546.5030766978184,1790050524232,Default Profile,false
2026-09-22T04:16:32.930Z,12.83100413158536,80.22430334240198,-68.0,16.5,274.7,4.48,9,gps,1.0,2.4,2.6,-89.5,,,,66,,1790050592930,2026-09-22T09:46:32.930+05:30,558.4236699070449,1790050524232,Default Profile,false
2026-09-22T04:16:41.000Z,12.831085855141282,80.22349021397531,-78.0,9.5,270.6,6.71,25,gps,0.4,1.0,1.0,-89.5,,,,66,,1790050601000,2026-09-22T09:46:41.000+05:30,647.0487838630864,1790050524232,Default Profile,false
2026-09-22T04:16:49.000Z,12.83102860674262,80.22310917265713,-90.0,20.0,289.5,1.31,14,gps,0.8,1.8,2.0,-89.5,,,,66,,1790050609000,2026-09-22T09:46:49.000+05:30,688.8482023033546,1790050524232,Default Profile,false
2026-09-22T04:16:57.000Z,12.831041975878179,80.22312702611089,-68.0,14.5,286.1,0.37,15,gps,0.6,1.0,1.2,-89.5,,,,66,,1790050617000,2026-09-22T09:46:57.000+05:30,691.2888224693836,1790050524232,Default Profile,false
2026-09-22T04:17:04.000Z,12.830984015017748,80.22300397977233,-75.0,25.5,275.0,2.78,8,gps,1.4,2.4,2.8,-89.5,,,,66,,1790050624000,2026-09-22T09:47:04.000+05:30,706.1045482752332,1790050524232,Default Profile,false
2026-09-22T04:17:12.000Z,12.831060038879514,80.22270860150456,-81.0,10.0,270.8,6.14,27,gps,0.4,0.8,0.8,-89.5,,,,66,,1790050632000,2026-09-22T09:47:12.000+05:30,739.2259017617038,1790050524232,Default Profile,false
2026-09-22T04:17:20.000Z,12.831072695553303,80.22223301231861,-77.0,12.0,300.1,3.02,24,gps,0.4,0.8,1.0,-89.5,,,,66,,1790050640000,2026-09-22T09:47:20.000+05:30,790.8076696634898,1790050524232,Default Profile,false
2026-09-22T04:17:28.000Z,12.830946296453476,80.22249368950725,-91.0,17.0,254.3,3.0,10,gps,1.0,1.6,2.0,-89.5,,,,66,,1790050648000,2026-09-22T09:47:28.000+05:30,822.3717657741043,1790050524232,Default Profile,false
2026-09-22T04:17:36.000Z,12.830836912617087,80.22242789156735,-76.0,13.5,194.9,4.5499997,16,gps,0.6,1.2,1.4,-89.5,,,,66,,1790050656000,2026-09-22T09:47:36.000+05:30,836.4723528300315,1790050524232,Default Profile,false
2026-09-22T04:17:45.000Z,12.83009892795235,80.22216570563614,-71.0,24.5,188.0,8.24,10,gps,1.2,1.6,2.0,-89.5,,,,66,,1790050665000,2026-09-22T09:47:45.000+05:30,923.3164396544731,1790050524232,Default Profile,false
2026-09-22T04:17:53.000Z,12.829458760097623,80.22213427349925,-69.0,10.5,188.7,6.5699997,16,gps,0.6,1.0,1.2,-89.5,,,,66,,1790050673000,2026-09-22T09:47:53.000+05:30,994.5813840054358,1790050524232,Default Profile,false
2026-09-22T04:17:58.290Z,12.8294261,80.2221655,-79.20000457763672,48.9,,,0,network,,,,,,,,66,,1790050678290,2026-09-22T09:47:58.290+05:30,999.5463318823737,1790050524232,Default Profile,false
2026-09-22T04:18:07.000Z,12.829075665213168,80.22211968898773,-57.0,20.0,85.4,2.8,10,gps,0.8,2.0,2.2,-89.5,,,,65,,1790050687000,2026-09-22T09:48:07.000+05:30,1038.8281672070898,1790050524232,Default Profile,false
2026-09-22T04:18:15.000Z,12.828776556998491,80.22212371230125,-79.0,8.5,177.5,6.62,22,gps,0.4,0.8,1.0,-89.5,,,,65,,1790050695000,2026-09-22T09:48:15.000+05:30,1072.0903435406826,1790050524232,Default Profile,false
2026-09-22T04:18:23.000Z,12.828166941180825,80.22213033400476,-81.0,10.5,176.3,8.84,26,gps,0.4,0.8,1.0,-89.5,,,,65,,1790050703000,2026-09-22T09:48:23.000+05:30,1139.8803312999344,1790050524232,Default Profile,false
2026-09-22T04:18:30.107Z,12.827572748064995,80.22209856659174,-73.0,27.5,185.2,8.92,8,gps,1.2,1.4,2.0,-89.5,,,,65,,1790050710107,2026-09-22T09:48:30.107+05:30,1206.041301566662,1790050524232,Default Profile,false
2026-09-22T04:18:38.000Z,12.827099882997572,80.2221333514899,-81.0,15.5,120.0,2.6599998,13,gps,0.6,1.6,1.8,-89.5,,,,65,,1790050718000,2026-09-22T09:48:38.000+05:30,1258.7565776430686,1790050524232,Default Profile,false
2026-09-22T04:18:43.297Z,12.8266864,80.2218209,-79.30000305175781,30.572,,,0,network,,,,,,,,65,,1790050723297,2026-09-22T09:48:43.297+05:30,1315.8660211580702,1790050524232,Default Profile,false
2026-09-22T04:18:52.000Z,12.826345008797944,80.22216168232262,-87.0,12.0,194.4,6.8999996,18,gps,0.6,1.4,1.4,-89.5,,,,65,,1790050732000,2026-09-22T09:48:52.000+05:30,1368.8392979837165,1790050524232,Default Profile,false
2026-09-22T04:19:00.000Z,12.82604921143502,80.22191156633198,-83.0,8.5,240.6,5.0699997,26,gps,0.4,0.8,0.8,-89.5,,,,65,,1790050740000,2026-09-22T09:49:00.000+05:30,1411.46789109975,1790050524232,Default Profile,false
2026-09-22T04:19:07.138Z,12.826002985239029,80.2217435091734,-98.0,16.5,283.3,2.03,9,gps,1.0,2.6,2.8,-89.5,,,,65,,1790050747138,2026-09-22T09:49:07.138+05:30,1430.3998646468217,1790050524232,Default Profile,false
2026-09-22T04:19:16.000Z,12.825861917808652,80.22141544148326,-95.0,17.0,276.0,2.47,14,gps,0.6,1.2,1.4,-89.5,,,,65,,1790050756000,2026-09-22T09:49:16.000+05:30,1469.2743101764977,1790050524232,Default Profile,false
2026-09-22T04:19:24.000Z,12.825907557271421,80.22135542705655,-79.0,12.5,0.0,0.14,18,gps,0.6,0.8,1.0,-89.5,,,,65,,1790050764000,2026-09-22T09:49:24.000+05:30,1477.5261438941322,1790050524232,Default Profile,false
2026-09-22T04:19:30.984Z,12.82592264469713,80.22133849561214,-82.0,12.0,65.7,0.55,10,gps,0.8,1.6,1.8,-89.5,,,,65,,1790050770984,2026-09-22T09:49:30.984+05:30,1480.0129784017283,1790050524232,Default Profile,false
2026-09-22T04:19:38.020Z,12.825883626937866,80.22129314951599,-74.0,8.0,259.7,2.07,21,gps,0.6,0.8,1.0,-89.5,,,,65,,1790050778020,2026-09-22T09:49:38.020+05:30,1486.5700128131182,1790050524232,Default Profile,false
2026-09-22T04:19:47.000Z,12.825599354691803,80.22134168073535,-106.0,20.0,270.3,3.01,15,gps,0.8,1.2,1.4,-89.5,,,,65,,1790050787000,2026-09-22T09:49:47.000+05:30,1518.6145937511822,1790050524232,Default Profile,false
2026-09-22T04:19:55.000Z,12.825696039944887,80.22118795663118,-76.0,24.5,275.8,3.78,10,gps,1.0,2.0,2.2,-89.5,,,,65,,1790050795000,2026-09-22T09:49:55.000+05:30,1538.4480599688693,1790050524232,Default Profile,false
2026-09-22T04:20:03.000Z,12.825727430172265,80.22103574126959,-87.0,22.0,279.7,3.8899999,9,gps,1.2,1.2,1.8,-89.5,,,,65,,1790050803000,2026-09-22T09:50:03.000+05:30,1555.3164144348864,1790050524232,Default Profile,false
2026-09-22T04:20:10.155Z,12.825806932523847,80.22113313898444,-82.0,16.0,294.4,2.25,10,gps,1.0,1.4,1.6,-89.5,,,,65,,1790050810155,2026-09-22T09:50:10.155+05:30,1569.088196715132,1790050524232,Default Profile,false
2026-09-22T04:20:18.000Z,12.825789456255734,80.22112425416708,-84.0,17.0,70.5,0.62,13,gps,0.8,1.2,1.4,-89.5,,,,65,,1790050818000,2026-09-22T09:50:18.000+05:30,1571.2571246200014,1790050524232,Default Profile,false
2026-09-22T04:20:24.961Z,12.825763849541545,80.22116138599813,-71.0,14.0,61.6,1.37,13,gps,0.8,1.6,1.8,-89.5,,,,65,,1790050824961,2026-09-22T09:50:24.961+05:30,1576.188131428541,1790050524232,Default Profile,false
2026-09-22T04:20:32.000Z,12.825647299177945,80.22097773849964,-87.0,18.0,93.7,1.88,10,gps,1.0,1.6,1.8,-89.5,,,,65,,1790050832000,2026-09-22T09:50:32.000+05:30,1599.9454756459602,1790050524232,Default Profile,false
2026-09-22T04:20:39.127Z,12.825492736883461,80.22105091251433,-89.0,19.5,50.1,0.79999995,11,gps,1.0,1.4,1.8,-89.5,,,,65,,1790050839127,2026-09-22T09:50:39.127+05:30,1618.8747880280607,1790050524232,Default Profile,false
2026-09-22T04:20:47.000Z,12.825388088822365,80.22095401771367,-78.0,26.5,276.2,1.22,10,gps,1.4,2.4,2.8,-89.5,,,,65,,1790050847000,2026-09-22T09:50:47.000+05:30,1634.551769701268,1790050524232,Default Profile,false
2026-09-22T04:20:55.000Z,12.825497137382627,80.22107178345323,-55.0,21.5,202.4,0.22,9,gps,1.2,2.4,2.6,-89.5,,,,65,,1790050855000,2026-09-22T09:50:55.000+05:30,1652.1602731099183,1790050524232,Default Profile,false
2026-09-22T04:21:00.291Z,12.8251751,80.2201606,-78.20000457763672,18.154,,,0,network,,,,,,,,65,,1790050860291,2026-09-22T09:51:00.291+05:30,1757.2410995122118,1790050524232,Default Profile,false
2026-09-22T04:21:07.956Z,12.825444666668773,80.22073617205024,-58.0,19.0,315.6,0.97999996,12,gps,1.2,2.2,2.6,-89.5,,,,65,,1790050867956,2026-09-22T09:51:07.956+05:30,1826.4705881797124,1790050524232,Default Profile,false
2026-09-22T04:21:14.997Z,12.825423460453749,80.22067775018513,-59.0,24.0,210.2,1.3,14,gps,1.2,1.4,2.0,-89.5,,,,65,,1790050874997,2026-09-22T09:51:14.997+05:30,1833.2294053118155,1790050524232,Default Profile,false
2026-09-22T04:21:21.886Z,12.825568844564259,80.22072024643421,-59.0,14.0,286.9,1.4499999,14,gps,0.8,1.2,1.4,-89.5,,,,65,,1790050881886,2026-09-22T09:51:21.886+05:30,1850.0391515118224,1790050524232,Default Profile,false
2026-09-22T04:21:28.762Z,12.825518385507166,80.22064221091568,-60.0,18.5,238.9,0.35,12,gps,1.0,1.8,2.2,-89.5,,,,65,,1790050888762,2026-09-22T09:51:28.762+05:30,1860.1911855767617,1790050524232,Default Profile,false
2026-09-22T04:21:36.000Z,12.82539957202971,80.22041631862521,-78.0,16.5,144.2,0.94,13,gps,1.2,1.4,1.8,-89.5,,,,65,,1790050896000,2026-09-22T09:51:36.000+05:30,1888.0187132398194,1790050524232,Default Profile,false
2026-09-22T04:21:42.933Z,12.825306910090148,80.22041564807296,-79.0,11.5,208.4,0.98999995,17,gps,0.8,1.2,1.4,-89.5,,,,65,,1790050902933,2026-09-22T09:51:42.933+05:30,1898.3225073008268,1790050524232,Default Profile,false
2026-09-22T04:21:49.808Z,12.825227994471788,80.22038924507797,-82.0,12.0,169.2,0.55,17,gps,0.8,1.2,1.4,-89.5,,,,65,,1790050909808,2026-09-22T09:51:49.808+05:30,1907.5526526492943,1790050524232,Default Profile,false
2026-09-22T04:21:56.748Z,12.825209219008684,80.22038287483156,-74.0,12.5,282.8,0.17,19,gps,0.8,1.2,1.4,-89.5,,,,65,,1790050916748,2026-09-22T09:51:56.748+05:30,1909.7516669468919,1790050524232,Default Profile,false
2026-09-22T04:22:03.617Z,12.825163872912526,80.22040399722755,-74.0,8.5,187.0,0.74,23,gps,0.6,1.0,1.2,-89.5,,,,65,,1790050923617,2026-09-22T09:52:03.617+05:30,1915.2896211142938,1790050524232,Default Profile,false
2026-09-22T04:22:10.481Z,12.825161735527217,80.22036150097847,-84.0,13.0,97.0,1.3199999,17,gps,0.8,1.0,1.4,-89.5,,,,65,,1790050930481,2026-09-22T09:52:10.481+05:30,1919.9032254411459,1790050524232,Default Profile,false
2026-09-22T04:22:17.370Z,12.82525955233723,80.22052058950067,-76.0,19.0,205.4,1.15,17,gps,0.8,1.2,1.6,-89.5,,,,65,,1790050937370,2026-09-22T09:52:17.370+05:30,1940.2947506334851,1790050524232,Default Profile,false
2026-09-22T04:22:24.209Z,12.82523101195693,80.22050843574107,-80.0,8.5,279.4,1.16,20,gps,0.6,1.0,1.2,-89.5,,,,65,,1790050944209,2026-09-22T09:52:24.209+05:30,1943.7309953510915,1790050524232,Default Profile,false
2026-09-22T04:22:30.925Z,12.82522514462471,80.22048496641219,-81.0,11.5,247.8,2.01,16,gps,0.8,1.2,1.4,-89.5,,,,65,,1790050950925,2026-09-22T09:52:30.925+05:30,1946.3578665021944,1790050524232,Default Profile,false
2026-09-22T04:22:37.785Z,12.825183528475463,80.22050131112337,-84.0,10.0,195.1,1.1999999,19,gps,0.6,1.2,1.4,-89.5,,,,64,,1790050957785,2026-09-22T09:52:37.785+05:30,1951.3130821592654,1790050524232,Default Profile,false
2026-09-22T04:22:44.693Z,12.82512598671019,80.22052302025259,-79.0,9.5,288.3,1.04,19,gps,0.6,1.0,1.2,-89.5,,,,64,,1790050964693,2026-09-22T09:52:44.693+05:30,1958.1306271629078,1790050524232,Default Profile,false
2026-09-22T04:22:50.000Z,12.824323377572,80.22008372470737,-85.0,9.5,186.7,0.84999996,27,gps,0.4,0.8,0.8,-89.5,,,,64,,1790050970000,2026-09-22T09:52:50.000+05:30,2059.2907445518404,1790050524232,Default Profile,false
2026-09-22T04:22:56.893Z,12.82504162285477,80.22041330114007,-75.0,7.0,172.7,0.55,24,gps,0.4,0.8,0.8,-89.5,,,,64,,1790050976893,2026-09-22T09:52:56.893+05:30,2146.7853378503546,1790050524232,Default Profile,false
2026-09-22T04:23:03.787Z,12.825024775229394,80.22040408104658,-78.0,17.5,273.6,0.96999997,23,gps,0.4,0.8,1.0,-89.5,,,,64,,1790050983787,2026-09-22T09:53:03.787+05:30,2148.9087357084527,1790050524232,Default Profile,false
2026-09-22T04:23:10.706Z,12.824963335879147,80.22041028365493,-74.0,8.0,221.2,0.48999998,25,gps,0.4,0.8,0.8,-89.5,,,,64,,1790050990706,2026-09-22T09:53:10.706+05:30,2155.773498829999,1790050524232,Default Profile,false
2026-09-22T04:23:17.765Z,12.824951601214707,80.22041430696845,-75.0,7.0,112.4,1.0799999,27,gps,0.4,0.6,0.8,-89.5,,,,64,,1790050997765,2026-09-22T09:53:17.765+05:30,2157.1493168111706,1790050524232,Default Profile,false
2026-09-22T04:23:24.694Z,12.824931317009032,80.22041380405426,-74.0,7.5,158.2,0.64,20,gps,0.6,1.0,1.0,-89.5,,,,64,,1790051004694,2026-09-22T09:53:24.694+05:30,2159.4054765613973,1790050524232,Default Profile,false
2026-09-22T04:23:31.585Z,12.824906171299517,80.22042361088097,-80.0,10.0,92.7,1.22,22,gps,0.6,0.8,1.0,-89.5,,,,64,,1790051011585,2026-09-22T09:53:31.585+05:30,2162.396892680553,1790050524232,Default Profile,false
2026-09-22T04:23:46.000Z,12.824862250126898,80.2203906700015,-78.0,46.0,288.1,0.91999996,13,gps,1.0,1.4,1.8,-89.5,,,,64,,1790051026000,2026-09-22T09:53:46.000+05:30,2168.4472724596294,1790050524232,Default Profile,false
2026-09-22T04:23:54.000Z,12.824853574857116,80.22040575742722,-86.0,29.5,76.3,2.11,12,gps,1.4,2.0,2.4,-89.5,,,,64,,1790051034000,2026-09-22T09:53:54.000+05:30,2170.346314676263,1790050524232,Default Profile,false
2026-09-22T04:24:02.000Z,12.82359876204282,80.2200595010072,-85.0,45.0,270.4,2.02,9,gps,2.4,2.4,3.4,-89.5,,,,64,,1790051042000,2026-09-22T09:54:02.000+05:30,2314.8373495558803,1790050524232,Default Profile,false
2026-09-22T04:24:10.000Z,12.823421736247838,80.22024893201888,-84.0,40.0,138.9,1.9,11,gps,1.6,1.8,2.6,-89.5,,,,64,,1790051050000,2026-09-22T09:54:10.000+05:30,2343.285555404956,1790050524232,Default Profile,false
2026-09-22T04:25:28.804Z,12.8234305,80.2199583,-66.60000610351562,13.883,,,0,network,,,,,,,,64,,1790051128804,2026-09-22T09:55:28.804+05:30,2374.811402525681,1790050524232,Default Profile,false
2026-09-22T04:25:49.445Z,12.8232209,80.2198892,-66.80000305175781,17.671,,,0,network,,,,,,,,64,,1790051149445,2026-09-22T09:55:49.445+05:30,2399.2924155242986,1790050524232,Default Profile,false
2026-09-22T04:26:10.051Z,12.8233016,80.2199541,-66.80000305175781,16.816,,,0,network,,,,,,,,64,,1790051170051,2026-09-22T09:56:10.051+05:30,2410.6957354370156,1790050524232,Default Profile,false
2026-09-22T04:26:27.663Z,12.8232906,80.219919,-66.80000305175781,15.844,,,0,network,,,,,,,,64,,1790051187663,2026-09-22T09:56:27.663+05:30,2414.693068116144,1790050524232,Default Profile,false
2026-09-22T04:26:49.125Z,12.8233046,80.2199693,-66.80000305175781,15.591,,,0,network,,,,,,,,64,,1790051209125,2026-09-22T09:56:49.125+05:30,2420.364509542344,1790050524232,Default Profile,false
2026-09-22T04:27:09.731Z,12.8233061,80.2199628,-66.80000305175781,15.169,,,0,network,,,,,,,,64,,1790051229731,2026-09-22T09:57:09.731+05:30,2421.0887187808116,1790050524232,Default Profile,false
2026-09-22T04:27:30.424Z,12.8232943,80.21997,-66.70000457763672,16.203,,,0,network,,,,,,,,64,,1790051250424,2026-09-22T09:57:30.424+05:30,2422.6154797170934,1790050524232,Default Profile,false
2026-09-22T04:27:39.902Z,12.8232943,80.21997,-66.70000457763672,29.529598,,,0,network,,,,,,,,64,,1790051259902,2026-09-22T09:57:39.902+05:30,2422.6154797170934,1790050524232,Default Profile,false
2026-09-22T04:27:45.150Z,12.8232943,80.21997,-66.70000457763672,36.8768,,,0,network,,,,,,,,64,,1790051265150,2026-09-22T09:57:45.150+05:30,2422.6154797170934,1790050524232,Default Profile,false
2026-09-22T04:27:50.345Z,12.8232943,80.21997,-66.70000457763672,44.1498,,,0,network,,,,,,,,64,,1790051270345,2026-09-22T09:57:50.345+05:30,2422.6154797170934,1790050524232,Default Profile,false
2026-09-22T04:36:11.131Z,12.8234613,80.2200698,-66.60000610351562,13.362,,,0,network,,,,,,,,62,,1790051771131,2026-09-22T10:06:11.131+05:30,2444.1075941760764,1790050524232,Default Profile,false
2026-09-22T04:36:31.893Z,12.8234284,80.2200884,-66.60000610351562,15.703,,,0,network,,,,,,,,62,,1790051791893,2026-09-22T10:06:31.893+05:30,2448.284925439001,1790050524232,Default Profile,false
2026-09-22T04:36:52.933Z,12.8233838,80.2200965,-66.60000610351562,19.611,,,0,network,,,,,,,,62,,1790051812933,2026-09-22T10:06:52.933+05:30,2453.321378122206,1790050524232,Default Profile,false
2026-09-22T04:37:27.501Z,12.8234299,80.2200914,-66.60000610351562,15.403,,,0,network,,,,,,,,62,,1790051847501,2026-09-22T10:07:27.501+05:30,2458.4772013060438,1790050524232,Default Profile,false
2026-09-22T04:37:48.140Z,12.8234254,80.2200915,-66.60000610351562,14.986,,,0,network,,,,,,,,62,,1790051868140,2026-09-22T10:07:48.140+05:30,2458.9776959260453,1790050524232,Default Profile,false
2026-09-22T04:38:08.925Z,12.8233981,80.2201086,-66.60000610351562,15.855,,,0,network,,,,,,,,62,,1790051888925,2026-09-22T10:08:08.925+05:30,2462.5347097968584,1790050524232,Default Profile,false
2026-09-22T04:38:29.534Z,12.8233862,80.2201183,-66.60000610351562,14.658,,,0,network,,,,,,,,62,,1790051909534,2026-09-22T10:08:29.534+05:30,2464.224964483725,1790050524232,Default Profile,false
2026-09-22T04:38:50.267Z,12.8233857,80.2201178,-66.60000610351562,14.449,,,0,network,,,,,,,,61,,1790051930267,2026-09-22T10:08:50.267+05:30,2464.3026168409474,1790050524232,Default Profile,false
2026-09-22T04:39:10.945Z,12.8234416,80.2200837,-66.60000610351562,15.527,,,0,network,,,,,,,,61,,1790051950945,2026-09-22T10:09:10.945+05:30,2471.5348527036995,1790050524232,Default Profile,false
2026-09-22T04:39:31.678Z,12.8234207,80.220101,-66.60000610351562,14.117,,,0,network,,,,,,,,61,,1790051971678,2026-09-22T10:09:31.678+05:30,2474.5213356363624,1790050524232,Default Profile,false
2026-09-22T04:39:52.392Z,12.823431,80.2200898,-66.60000610351562,15.769,,,0,network,,,,,,,,61,,1790051992392,2026-09-22T10:09:52.392+05:30,2476.190559108766,1790050524232,Default Profile,false
2026-09-22T04:40:13.068Z,12.8234451,80.2200782,-66.60000610351562,14.23,,,0,network,,,,,,,,61,,1790052013068,2026-09-22T10:10:13.068+05:30,2478.200517716891,1790050524232,Default Profile,false
2026-09-22T04:40:30.931Z,12.8234451,80.2200782,-66.60000610351562,39.2956,,,0,network,,,,,,,,61,,1790052030931,2026-09-22T10:10:30.931+05:30,2478.200517716891,1790050524232,Default Profile,false
2026-09-22T04:40:36.153Z,12.8234451,80.2200782,-66.60000610351562,46.6078,,,0,network,,,,,,,,61,,1790052036153,2026-09-22T10:10:36.153+05:30,2478.200517716891,1790050524232,Default Profile,false
2026-09-22T04:42:38.128Z,12.8233654,80.2199596,-66.70000457763672,44.5754,,,0,network,,,,,,,,61,,1790052158128,2026-09-22T10:12:38.128+05:30,2493.8174306117726,1790050524232,Default Profile,false
2026-09-22T13:35:52.209Z,12.8328885,80.2294014,-60.10000228881836,33.542,,,0,network,,,,,,,,67,,1790084152209,2026-09-22T19:05:52.209+05:30,0.0,1790084338597,Default Profile,false
2026-09-22T13:39:05.000Z,12.830571373924613,80.2296535950154,-80.0,4.0,158.8,8.54,31,gps,0.4,0.8,1.0,-89.5,,,,67,,1790084345000,2026-09-22T19:09:05.000+05:30,259.0994142118439,1790084338597,Default Profile,false
2026-09-22T13:39:11.808Z,12.83005328848958,80.22989742457867,-80.0,7.0,156.8,8.88,31,gps,0.4,0.8,1.0,-89.5,,,,67,,1790084351808,2026-09-22T19:09:11.808+05:30,322.4837996340833,1790084338597,Default Profile,false
2026-09-22T13:39:18.619Z,12.829526946879923,80.23010093718767,-75.0,6.5,153.7,9.5,31,gps,0.4,0.8,0.8,-89.5,,,,67,,1790084358619,2026-09-22T19:09:18.619+05:30,385.03137952149865,1790084338597,Default Profile,false
2026-09-22T13:39:25.537Z,12.82894067466259,80.23038332350552,-75.0,7.0,154.9,10.429999,28,gps,0.4,0.8,1.0,-89.5,,,,67,,1790084365537,2026-09-22T19:09:25.537+05:30,457.0532107388813,1790084338597,Default Profile,false
2026-09-22T13:39:32.395Z,12.82837925478816,80.23063545115292,-78.0,6.5,155.3,9.719999,29,gps,0.4,0.8,0.8,-89.5,,,,67,,1790084372395,2026-09-22T19:09:32.395+05:30,525.2027933360923,1790084338597,Default Profile,false
2026-09-22T13:39:39.287Z,12.827870221808553,80.23095681332052,-72.0,6.5,155.1,4.66,31,gps,0.4,0.6,0.8,-89.5,,,,67,,1790084379287,2026-09-22T19:09:39.287+05:30,591.6688326195249,1790084338597,Default Profile,false
2026-09-22T13:39:46.241Z,12.827646844089031,80.23107809945941,-81.0,6.5,143.0,5.2799997,28,gps,0.4,0.8,1.0,-89.5,,,,67,,1790084386241,2026-09-22T19:09:46.241+05:30,619.7734053675435,1790084338597,Default Profile,false
2026-09-22T13:39:53.154Z,12.827329337596893,80.2312459051609,-76.0,11.5,152.8,7.33,10,gps,0.8,1.6,1.8,-89.5,,,,67,,1790084393154,2026-09-22T19:09:53.154+05:30,659.490568647036,1790084338597,Default Profile,false
2026-09-22T13:39:59.933Z,12.826846623793244,80.23138655349612,-79.0,6.0,170.4,7.0299997,32,gps,0.4,0.8,0.8,-89.5,,,,67,,1790084399933,2026-09-22T19:09:59.933+05:30,715.2899902432855,1790084338597,Default Profile,false
2026-09-22T13:40:04.920Z,12.8264163,80.2315403,-78.60000610351562,20.567,,,0,network,,,,,,,,67,,1790084404920,2026-09-22T19:10:04.920+05:30,765.9601850031356,1790084338597,Default Profile,false
2026-09-22T13:40:12.778Z,12.826197068206966,80.23147121071815,-77.0,6.0,173.6,6.97,32,gps,0.4,0.8,0.8,-89.5,,,,67,,1790084412778,2026-09-22T19:10:12.778+05:30,791.4625583462636,1790084338597,Default Profile,false
2026-09-22T13:40:19.743Z,12.82568661030382,80.23147942498326,-75.0,6.0,177.8,8.5199995,29,gps,0.4,0.8,0.8,-89.5,,,,67,,1790084419743,2026-09-22T19:10:19.743+05:30,848.229873924378,1790084338597,Default Profile,false
2026-09-22T13:40:25.369Z,12.8252736,80.231738,-79.10000610351562,23.08,,,0,network,,,,,,,,67,,1790084425369,2026-09-22T19:10:25.369+05:30,902.0353399990709,1790084338597,Default Profile,false
2026-09-22T13:40:33.278Z,12.824677010066807,80.2314150519669,-76.0,6.0,192.2,8.17,32,gps,0.4,0.8,0.8,-89.5,,,,67,,1790084433278,2026-09-22T19:10:33.278+05:30,977.0466915969829,1790084338597,Default Profile,false
2026-09-22T13:40:40.208Z,12.824141238816082,80.23132419213653,-75.0,5.5,196.1,9.03,31,gps,0.4,0.8,0.8,-89.5,,,,67,,1790084440208,2026-09-22T19:10:40.208+05:30,1037.4307184370907,1790084338597,Default Profile,false
2026-09-22T13:40:46.057Z,12.8235427,80.2309606,-78.4000015258789,45.416,,,0,network,,,,,,,,67,,1790084446057,2026-09-22T19:10:46.057+05:30,1114.783981513803,1790084338597,Default Profile,false
2026-09-22T13:40:54.002Z,12.823019907809794,80.23098388686776,-66.0,6.0,197.8,9.13,31,gps,0.4,0.8,0.8,-89.5,,,,67,,1790084454002,2026-09-22T19:10:54.002+05:30,1172.9706238874223,1790084338597,Default Profile,false
2026-09-22T13:41:02.000Z,12.822348140180111,80.23077333346009,-61.0,13.5,210.3,8.83,11,gps,0.8,1.4,1.6,-89.5,,,,67,,1790084462000,2026-09-22T19:11:02.000+05:30,1251.0783031216429,1790084338597,Default Profile,false
2026-09-22T13:41:07.114Z,12.8218583,80.2303795,-77.80000305175781,38.811,,,0,network,,,,,,,,67,,1790084467114,2026-09-22T19:11:07.114+05:30,1320.2884764451162,1790084338597,Default Profile,false
2026-09-22T13:41:14.000Z,12.821550308726728,80.23061198182404,-79.0,3.5,186.8,8.349999,32,gps,0.4,0.8,0.8,-89.5,,,,67,,1790084474000,2026-09-22T19:11:14.000+05:30,1362.8115886985834,1790084338597,Default Profile,false
2026-09-22T13:41:20.893Z,12.820960474200547,80.23058289662004,-69.0,17.0,196.9,8.57,9,gps,1.0,2.4,2.6,-89.5,,,,67,,1790084480893,2026-09-22T19:11:20.893+05:30,1428.4739638159015,1790084338597,Default Profile,false
2026-09-22T13:41:27.737Z,12.820364478975534,80.23069462738931,-69.0,6.5,176.8,9.28,30,gps,0.4,0.8,0.8,-89.5,,,,67,,1790084487737,2026-09-22T19:11:27.737+05:30,1495.843718408908,1790084338597,Default Profile,false
2026-09-22T13:41:34.559Z,12.820061221718788,80.23017964325845,-148.0,20.0,168.0,8.78,11,gps,1.8,1.8,2.6,-89.5,,,,67,,1790084494559,2026-09-22T19:11:34.559+05:30,1561.0721950398886,1790084338597,Default Profile,false
2026-09-22T13:41:41.416Z,12.81932394951582,80.23058239370584,-79.0,7.0,188.1,7.1299996,28,gps,0.4,0.8,1.0,-89.5,,,,67,,1790084501416,2026-09-22T19:11:41.416+05:30,1653.9577271980827,1790084338597,Default Profile,false
2026-09-22T13:41:49.000Z,12.818967089988291,80.23051450029016,-74.0,7.5,187.1,1.73,20,gps,0.4,1.0,1.0,-89.5,,,,67,,1790084509000,2026-09-22T19:11:49.000+05:30,1694.315714051806,1790084338597,Default Profile,false
2026-09-22T13:41:54.035Z,12.8189301,80.2306144,-77.10000610351562,19.077,,,0,network,,,,,,,,67,,1790084514035,2026-09-22T19:11:54.035+05:30,1705.901847012471,1790084338597,Default Profile,false
2026-09-22T13:42:01.000Z,12.818928533233702,80.23056864738464,-69.0,6.5,0.0,0.049999997,31,gps,0.4,0.6,0.8,-89.5,,,,67,,1790084521000,2026-09-22T19:12:01.000+05:30,1710.8655647043206,1790084338597,Default Profile,false
2026-09-22T13:42:07.806Z,12.818922833539546,80.23053076118231,-66.0,8.5,209.3,2.2,26,gps,0.4,0.8,0.8,-89.5,,,,67,,1790084527806,2026-09-22T19:12:07.806+05:30,1715.0219245556123,1790084338597,Default Profile,false
2026-09-22T13:42:12.982Z,12.8189337,80.2306284,-77.10000610351562,48.096,,,0,network,,,,,,,,67,,1790084532982,2026-09-22T19:12:12.982+05:30,1725.6770010934522,1790084338597,Default Profile,false
2026-09-22T13:42:19.000Z,12.818484376184642,80.23033169098198,-73.0,2.5,200.8,7.29,31,gps,0.4,0.8,0.8,-89.5,,,,67,,1790084539000,2026-09-22T19:12:19.000+05:30,1785.1007345925411,1790084338597,Default Profile,false
2026-09-22T13:42:25.794Z,12.817909168079495,80.23022641427815,-60.0,6.0,210.1,8.82,30,gps,0.4,0.8,0.8,-89.5,,,,67,,1790084545794,2026-09-22T19:12:25.794+05:30,1850.0715051430243,1790084338597,Default Profile,false
2026-09-22T13:42:32.667Z,12.817476117052138,80.22991703823209,-74.0,6.0,205.6,9.04,30,gps,0.4,0.8,0.8,-89.5,,,,66,,1790084552667,2026-09-22T19:12:32.667+05:30,1908.7563038157016,1790084338597,Default Profile,false
2026-09-22T13:42:39.547Z,12.816956480965018,80.22972199134529,-69.0,12.0,210.2,8.639999,13,gps,0.6,1.4,1.6,-89.5,,,,66,,1790084559547,2026-09-22T19:12:39.547+05:30,1970.2856627491544,1790084338597,Default Profile,false
2026-09-22T13:42:46.331Z,12.816416979767382,80.22956256754696,-70.0,6.0,190.2,8.94,30,gps,0.4,0.8,0.8,-89.5,,,,66,,1790084566331,2026-09-22T19:12:46.331+05:30,2032.7161213792685,1790084338597,Default Profile,false
2026-09-22T13:42:53.219Z,12.815850237384439,80.22950490005314,-74.0,6.5,188.9,10.2,31,gps,0.4,0.8,0.8,-89.5,,,,66,,1790084573219,2026-09-22T19:12:53.219+05:30,2096.0444225262745,1790084338597,Default Profile,false
2026-09-22T13:43:00.108Z,12.81523659825325,80.2294003777206,-68.0,6.5,189.8,9.61,30,gps,0.4,0.8,0.8,-89.5,,,,66,,1790084580108,2026-09-22T19:13:00.108+05:30,2165.2127066172816,1790084338597,Default Profile,false
2026-09-22T13:43:05.307Z,12.8142715,80.229535,-82.60000610351562,39.912,,,0,network,,,,,,,,66,,1790084585307,2026-09-22T19:13:05.307+05:30,2273.51486564621,1790084338597,Default Profile,false
2026-09-22T13:43:13.180Z,12.814161870628595,80.22937431000173,-68.0,6.0,196.6,7.6,30,gps,0.4,0.8,0.8,-89.5,,,,66,,1790084593180,2026-09-22T19:13:13.180+05:30,2294.778900342441,1790084338597,Default Profile,false
2026-09-22T13:43:20.052Z,12.813714276999235,80.22910432890058,-69.0,6.5,198.1,8.49,30,gps,0.4,0.8,0.8,-89.5,,,,66,,1790084600052,2026-09-22T19:13:20.052+05:30,2352.519427184156,1790084338597,Default Profile,false
2026-09-22T13:43:26.953Z,12.81318701338023,80.22895831614733,-71.0,6.0,197.7,8.36,32,gps,0.4,0.6,0.8,-89.6,,,,66,,1790084606953,2026-09-22T19:13:26.953+05:30,2413.2483541683464,1790084338597,Default Profile,false
2026-09-22T13:43:33.000Z,12.8127680439502,80.22878020070493,-71.0,2.5,196.5,7.27,32,gps,0.4,0.8,0.8,-89.6,,,,66,,1790084613000,2026-09-22T19:13:33.000+05:30,2463.6799058179695,1790084338597,Default Profile,false
2026-09-22T13:43:39.000Z,12.812524130567908,80.22873275913298,-72.0,1.5,194.4,1.5899999,32,gps,0.4,0.8,0.8,-89.5,,,,66,,1790084619000,2026-09-22T19:13:39.000+05:30,2491.2853207953876,1790084338597,Default Profile,false
2026-09-22T13:43:44.185Z,12.8123434,80.228877,-77.60000610351562,28.479,,,0,network,,,,,,,,66,,1790084624185,2026-09-22T19:13:44.185+05:30,2516.750125791095,1790084338597,Default Profile,false
2026-09-22T13:43:50.962Z,12.81246461905539,80.22881213575602,-71.0,6.0,96.4,0.56,30,gps,0.4,0.8,0.8,-89.6,,,,66,,1790084630962,2026-09-22T19:13:50.962+05:30,2531.953576107863,1790084338597,Default Profile,false
2026-09-22T13:43:57.765Z,12.812464409507811,80.22887768223882,-77.0,6.0,76.5,0.85999995,29,gps,0.4,0.8,1.0,-89.5,,,,66,,1790084637765,2026-09-22T19:13:57.765+05:30,2539.0605768514606,1790084338597,Default Profile,false
2026-09-22T13:44:02.984Z,12.8125635,80.228966,-77.60000610351562,11.516,,,0,network,,,,,,,,66,,1790084642984,2026-09-22T19:14:02.984+05:30,2553.6586378260245,1790084338597,Default Profile,false
2026-09-22T13:44:10.839Z,12.81257257796824,80.22899427451193,-68.0,9.5,85.1,1.38,22,gps,0.6,1.0,1.2,-89.6,,,,66,,1790084650839,2026-09-22T19:14:10.839+05:30,2556.8862452704943,1790084338597,Default Profile,false
2026-09-22T13:44:18.833Z,12.812569476664066,80.22905755788088,-71.0,8.0,99.1,2.31,17,gps,0.6,1.2,1.4,-89.6,,,,66,,1790084658833,2026-09-22T19:14:18.833+05:30,2563.7564841115673,1790084338597,Default Profile,false
2026-09-22T13:44:20.480Z,12.8125595,80.2289645,-77.60000610351562,12.415,,,0,network,,,,,,,,66,,1790084660480,2026-09-22T19:14:20.480+05:30,2573.907203534582,1790084338597,Default Profile,false
2026-09-22T13:44:30.000Z,12.812496176920831,80.22915319539607,-83.0,7.5,67.0,0.57,29,gps,0.4,0.8,0.8,-89.6,,,,66,,1790084670000,2026-09-22T19:14:30.000+05:30,2595.544469477952,1790084338597,Default Profile,false
2026-09-22T13:44:36.964Z,12.81250883359462,80.22916266694665,-56.0,10.0,55.4,1.1999999,20,gps,0.6,1.0,1.2,-89.6,,,,66,,1790084676964,2026-09-22T19:14:36.964+05:30,2597.2866845771914,1790084338597,Default Profile,false
2026-09-22T13:44:45.000Z,12.812455189414322,80.22930666804314,-70.0,8.5,224.6,1.5999999,21,gps,0.4,0.8,1.0,-89.6,,,,66,,1790084685000,2026-09-22T19:14:45.000+05:30,2614.0008190268363,1790084338597,Default Profile,false
2026-09-22T13:44:51.823Z,12.812457913532853,80.22936819121242,-76.0,6.5,91.5,1.31,27,gps,0.4,0.8,1.0,-89.6,,,,66,,1790084691823,2026-09-22T19:14:51.823+05:30,2620.6784225583897,1790084338597,Default Profile,false
2026-09-22T13:44:58.608Z,12.812445759773254,80.22944622673094,-73.0,6.0,85.3,2.04,27,gps,0.4,0.8,1.0,-89.6,,,,65,,1790084698608,2026-09-22T19:14:58.608+05:30,2629.24677377535,1790084338597,Default Profile,false
2026-09-22T13:45:05.417Z,12.812368897721171,80.22955225780606,-86.0,26.5,89.9,1.9499999,8,gps,1.0,1.8,2.0,-89.6,,,,65,,1790084705417,2026-09-22T19:15:05.417+05:30,2643.5721518340843,1790084338597,Default Profile,false
2026-09-22T13:45:12.156Z,12.812443119473755,80.22957907989621,-64.0,6.5,100.3,1.78,29,gps,0.4,0.8,1.0,-89.6,,,,65,,1790084712156,2026-09-22T19:15:12.156+05:30,2652.3226441244533,1790084338597,Default Profile,false
2026-09-22T13:45:18.954Z,12.812417722307146,80.2296628151089,-73.0,8.0,92.5,1.24,24,gps,0.6,1.0,1.2,-89.6,,,,65,,1790084718954,2026-09-22T19:15:18.954+05:30,2661.8308113824955,1790084338597,Default Profile,false
2026-09-22T13:45:23.977Z,12.8124014,80.2302171,-77.70000457763672,19.963,,,0,network,,,,,,,,65,,1790084723977,2026-09-22T19:15:23.977+05:30,2721.9572829658227,1790084338597,Default Profile,false
2026-09-22T13:45:31.767Z,12.812404688447714,80.2295536827296,-75.0,8.5,96.2,1.66,24,gps,0.4,0.8,1.0,-89.6,,,,65,,1790084731767,2026-09-22T19:15:31.767+05:30,2793.890109276351,1790084338597,Default Profile,false
2026-09-22T13:45:38.532Z,12.812390481121838,80.22960078902543,-77.0,13.5,56.5,0.75,21,gps,0.8,1.0,1.4,-89.6,,,,65,,1790084738532,2026-09-22T19:15:38.532+05:30,2799.236407942049,1790084338597,Default Profile,false
2026-09-22T13:45:44.707Z,12.8123464,80.2301738,-77.70000457763672,18.457,,,0,network,,,,,,,,65,,1790084744707,2026-09-22T19:15:44.707+05:30,2861.558942480856,1790084338597,Default Profile,false
2026-09-22T13:45:52.678Z,12.812366760335863,80.22968729026616,-78.0,6.5,93.8,1.04,23,gps,0.4,0.8,1.0,-89.6,,,,65,,1790084752678,2026-09-22T19:15:52.678+05:30,2914.3579755364435,1790084338597,Default Profile,false
2026-09-22T13:45:59.729Z,12.812324976548553,80.22973330691457,-82.0,9.5,148.0,0.81,22,gps,0.8,1.0,1.4,-89.6,,,,65,,1790084759729,2026-09-22T19:15:59.729+05:30,2921.175669370532,1790084338597,Default Profile,false
2026-09-22T13:46:06.669Z,12.812293502502143,80.22974906489253,-82.0,10.0,185.6,0.52,21,gps,0.8,1.2,1.4,-89.6,,,,65,,1790084766669,2026-09-22T19:16:06.669+05:30,2925.0702202586667,1790084338597,Default Profile,false
2026-09-22T13:46:13.510Z,12.81224547419697,80.22978468798101,-82.0,11.5,220.5,0.81,17,gps,1.0,1.6,2.0,-89.6,,,,65,,1790084773510,2026-09-22T19:16:13.510+05:30,2931.6611043950743,1790084338597,Default Profile,false
2026-09-22T13:46:21.000Z,12.812209390103817,80.22980622947216,-89.0,19.5,106.5,2.56,10,gps,1.6,2.2,2.6,-89.6,,,,65,,1790084781000,2026-09-22T19:16:21.000+05:30,2936.3037798138994,1790084338597,Default Profile,false
2026-09-22T13:46:29.000Z,12.812155243009329,80.22977823391557,-82.0,25.0,76.6,3.8,8,gps,1.6,2.2,2.8,-89.6,,,,65,,1790084789000,2026-09-22T19:16:29.000+05:30,2943.046555776541,1790084338597,Default Profile,false
2026-09-22T13:46:35.913Z,12.812121463939548,80.22980983369052,-75.0,9.5,124.1,1.01,17,gps,0.8,1.4,1.6,-89.6,,,,65,,1790084795913,2026-09-22T19:16:35.913+05:30,2948.1305691654816,1790084338597,Default Profile,false
2026-09-22T13:46:42.788Z,12.812072052620351,80.22985526360571,-88.0,8.5,57.5,0.96999997,19,gps,0.6,1.2,1.4,-89.6,,,,65,,1790084802788,2026-09-22T19:16:42.788+05:30,2955.509644535908,1790084338597,Default Profile,false
2026-09-22T13:46:49.690Z,12.812067400664091,80.22989633493125,-83.0,10.5,60.4,0.88,13,gps,0.8,1.6,1.8,-89.6,,,,65,,1790084809690,2026-09-22T19:16:49.690+05:30,2959.992805256346,1790084338597,Default Profile,false
2026-09-22T13:46:56.638Z,12.812036178074777,80.23003513924778,-79.0,19.5,151.8,0.53999996,15,gps,0.6,1.0,1.2,-89.6,,,,65,,1790084816638,2026-09-22T19:16:56.638+05:30,2975.4381199609784,1790084338597,Default Profile,false
2026-09-22T13:47:03.574Z,12.812154027633369,80.22997026331723,-77.0,9.5,143.7,0.97999996,18,gps,0.6,1.2,1.4,-89.6,,,,65,,1790084823574,2026-09-22T19:17:03.574+05:30,2990.311011030949,1790084338597,Default Profile,false
2026-09-22T13:47:08.585Z,12.8115638,80.2302405,-76.60000610351562,26.793,,,0,network,,,,,,,,65,,1790084828585,2026-09-22T19:17:08.585+05:30,3062.185050538732,1790084338597,Default Profile,false
2026-09-22T13:47:16.699Z,12.812097407877445,80.23000102490187,-74.0,10.5,58.6,0.65999997,20,gps,0.6,1.2,1.4,-89.6,,,,65,,1790084836699,2026-09-22T19:17:16.699+05:30,3126.9522249221664,1790084338597,Default Profile,false
2026-09-22T13:47:27.000Z,12.812126912176609,80.23003664799035,-74.0,13.0,198.0,15.23,12,gps,1.0,1.6,2.0,-89.6,,,,65,,1790084847000,2026-09-22T19:17:27.000+05:30,3132.019963022339,1790084338597,Default Profile,false
2026-09-22T13:47:34.000Z,12.811405817046762,80.23060846142471,-75.0,5.5,128.4,1.1999999,18,gps,0.8,1.0,1.4,-89.6,,,,65,,1790084854000,2026-09-22T19:17:34.000+05:30,3233.3764915438996,1790084338597,Default Profile,false
